3nps_B	seq	E	 V	 Q	 L	 V	 Q	 S	 G	 A	 E	 V	 K	 K	 P	 G	 S	 S	 V	 K	 V	 S	 C	 K	 A	 S	 G	 G	 T	 F	 S	 S	 Y	 A	 I	 S	 W	 V	 R	 Q	 A	 -	 G	 Q	 G	 L	 E	 W	 M	 G	 G	 I	 I	 I	 F	 G	 T	 A	 N	 Y	 A	 Q	 K	 F	 Q	 G	 R	 V	 T	 I	 T	 A	 D	 E	 S	 T	 S	 T	 A	 Y	 M	 E	 L	 R	 S	 E	 D	 T	 A	 V	 Y	 Y	 C	 A	 R	 T	 F	 H	 I	 R	 -	 R	 D	 H	 W	 G	 Q	 G	 T	 L	 V	 T	 V	 S	 S	 A	 S	 T	 K	 G	 P	 S	 V	 F	 P	 L	 A	 P	 S	 S	 K	 S	 T	 S	 G	 G	 T	 A	 A	 L	 G	 C	 L	 V	 K	 D	 Y	 F	 P	 E	 P	 V	 T	 V	 S	 W	 N	 S	 G	 A	 L	 T	 S	 G	 V	 H	 T	 F	 P	 A	 V	 L	 E	 S	 S	 G	 L	 Y	 S	 L	 S	 S	 V	 V	 T	 V	 P	 S	 S	 S	 L	 G	 T	 Q	 T	 Y	 I	 C	 N	 V	 N	 H	 K	 P	 S	 N	 T	 K	 V	 D	 K	 K	 V	 E	 P	 K	 -	 -	
	num	      1	 2	 3	 4	 5	 6	 7	 8	 9	 10	 11	 12	 13	 14	 15	 16	 17	 18	 19	 20	 21	 22	 23	 24	 25	 26	 27	 28	 29	 30	 31	 32	 33	 34	 35	 36	 37	 38	 39	 41	 -	 42	 43	 44	 45	 46	 47	 48	 49	 50	 51	 52	 53	 54	 55	 56	 57	 58	 59	 60	 61	 62	 63	 64	 65	 66	 67	 68	 69	 70	 71	 72	 73	 74	 75	 76	 77	 78	 79	 80	 81	 82	 83	 84	 85	 86	 87	 88	 89	 90	 91	 92	 93	 94	 95	 96	 97	 98	 99	 -	 100	 101	 102	 103	 104	 105	 106	 107	 108	 109	 110	 111	 112	 113	 114	 115	 116	 117	 118	 119	 120	 121	 122	 123	 124	 125	 126	 127	 128	 129	 130	 131	 132	 133	 134	 135	 136	 137	 138	 139	 140	 141	 142	 143	 144	 145	 146	 147	 148	 149	 150	 151	 152	 153	 154	 155	 156	 157	 158	 159	 160	 161	 162	 163	 164	 165	 166	 167	 168	 169	 170	 171	 172	 173	 174	 175	 176	 177	 178	 179	 180	 181	 182	 183	 184	 185	 186	 187	 188	 189	 190	 191	 192	 193	 194	 195	 196	 197	 198	 199	 200	 201	 202	 203	 204	 205	 206	 207	 208	 209	 210	 211	 212	 213	 214	 -	 -	
6o42_H	seq	Q	 V	 Q	 L	 V	 Q	 S	 G	 A	 E	 V	 K	 K	 P	 G	 S	 S	 V	 K	 V	 S	 C	 K	 A	 S	 G	 G	 T	 F	 S	 S	 Y	 A	 I	 S	 W	 V	 R	 Q	 A	 P	 G	 Q	 G	 L	 E	 W	 M	 G	 G	 I	 I	 I	 F	 G	 T	 A	 N	 Y	 A	 Q	 K	 F	 Q	 G	 R	 V	 T	 I	 T	 A	 D	 K	 S	 T	 S	 T	 A	 Y	 M	 E	 L	 R	 S	 E	 D	 T	 A	 V	 Y	 Y	 C	 A	 R	 E	 G	 E	 G	 W	 -	 A	 -	 -	 E	 F	 W	 G	 Q	 G	 T	 V	 I	 T	 V	 S	 S	 A	 S	 T	 K	 G	 P	 S	 V	 F	 P	 L	 A	 P	 S	 -	 -	 -	 -	 -	 G	 G	 T	 A	 A	 L	 G	 C	 L	 V	 K	 D	 Y	 F	 P	 E	 P	 V	 T	 V	 S	 W	 N	 S	 G	 A	 L	 T	 S	 G	 V	 H	 T	 F	 P	 A	 V	 L	 Q	 S	 S	 G	 L	 Y	 S	 L	 S	 S	 V	 V	 T	 V	 P	 S	 S	 S	 L	 G	 T	 Q	 T	 Y	 I	 C	 N	 V	 N	 H	 K	 P	 S	 N	 T	 K	 V	 D	 K	 K	 V	 E	 P	 K	 -	 -	
	num	      1	 2	 3	 4	 5	 6	 7	 8	 9	 10	 11	 12	 13	 14	 15	 16	 17	 18	 19	 20	 21	 22	 23	 24	 25	 26	 27	 28	 29	 30	 31	 32	 33	 34	 35	 36	 37	 38	 39	 40	 41	 42	 43	 44	 45	 46	 47	 48	 49	 50	 51	 52	 53	 54	 55	 56	 57	 58	 59	 60	 61	 62	 63	 64	 65	 66	 67	 68	 69	 70	 71	 72	 73	 74	 75	 76	 77	 78	 79	 80	 81	 82	 83	 84	 85	 86	 87	 88	 89	 90	 91	 92	 93	 94	 95	 96	 97	 98	 99	 -	 100	 -	 -	 101	 102	 103	 104	 105	 106	 107	 108	 109	 110	 111	 112	 113	 114	 115	 116	 117	 118	 119	 120	 121	 122	 123	 124	 125	 126	 127	 -	 -	 -	 -	 -	 135	 136	 137	 138	 139	 140	 141	 142	 143	 144	 145	 146	 147	 148	 149	 150	 151	 152	 153	 154	 156	 157	 162	 163	 164	 165	 166	 167	 168	 169	 171	 172	 173	 174	 175	 176	 177	 178	 179	 180	 182	 183	 184	 185	 186	 187	 188	 189	 190	 191	 192	 193	 194	 195	 196	 197	 198	 199	 200	 203	 205	 206	 207	 208	 209	 210	 211	 212	 213	 214	 215	 216	 217	 218	 219	 220	 221	 222	 225	 226	 227	 228	 -	 -	
8dnn_B	seq	Q	 V	 Q	 L	 V	 Q	 S	 G	 A	 E	 V	 K	 K	 P	 G	 S	 S	 V	 K	 V	 S	 C	 K	 A	 S	 G	 G	 T	 F	 N	 R	 Y	 A	 F	 S	 W	 V	 R	 Q	 A	 P	 G	 Q	 G	 L	 E	 W	 M	 G	 G	 I	 I	 I	 F	 G	 T	 A	 N	 Y	 A	 Q	 K	 F	 Q	 G	 R	 V	 T	 I	 T	 A	 D	 E	 S	 T	 S	 T	 A	 Y	 M	 E	 L	 R	 S	 E	 D	 T	 A	 V	 Y	 Y	 C	 A	 R	 S	 T	 R	 E	 L	 -	 D	 -	 -	 D	 L	 W	 G	 R	 G	 T	 L	 V	 T	 V	 S	 S	 A	 S	 T	 K	 G	 P	 S	 V	 F	 P	 L	 A	 P	 S	 S	 K	 S	 T	 S	 G	 G	 T	 A	 A	 L	 G	 C	 L	 V	 K	 D	 Y	 F	 P	 E	 P	 V	 T	 V	 S	 W	 N	 S	 G	 A	 L	 T	 S	 G	 V	 H	 T	 F	 P	 A	 V	 L	 Q	 S	 S	 G	 L	 Y	 S	 L	 S	 S	 V	 V	 T	 V	 P	 S	 S	 S	 L	 G	 T	 Q	 T	 Y	 I	 C	 N	 V	 N	 H	 K	 P	 S	 N	 T	 K	 V	 D	 K	 K	 V	 E	 P	 K	 S	 C	
	num	      1	 2	 3	 4	 5	 6	 7	 8	 9	 10	 11	 12	 13	 14	 15	 16	 17	 18	 19	 20	 21	 22	 23	 24	 25	 26	 27	 28	 29	 30	 31	 32	 33	 34	 35	 36	 37	 38	 39	 40	 41	 42	 43	 44	 45	 46	 47	 48	 49	 50	 51	 52	 53	 54	 55	 56	 57	 58	 59	 60	 61	 62	 63	 64	 65	 66	 67	 68	 69	 70	 71	 72	 73	 74	 75	 76	 77	 78	 79	 80	 81	 82	 83	 84	 85	 86	 87	 88	 89	 90	 91	 92	 93	 94	 95	 96	 97	 98	 99	 -	 100	 -	 -	 101	 102	 103	 104	 105	 106	 107	 108	 109	 110	 111	 112	 113	 114	 115	 116	 117	 118	 119	 120	 121	 122	 123	 124	 125	 126	 127	 128	 129	 130	 131	 132	 133	 134	 135	 136	 137	 138	 139	 140	 141	 142	 143	 144	 145	 146	 147	 148	 149	 150	 151	 152	 153	 154	 155	 156	 157	 158	 159	 160	 161	 162	 163	 164	 165	 166	 167	 168	 169	 170	 171	 172	 173	 174	 175	 176	 177	 178	 179	 180	 181	 182	 183	 184	 185	 186	 187	 188	 189	 190	 191	 192	 193	 194	 195	 196	 197	 198	 199	 200	 201	 202	 203	 204	 205	 206	 207	 208	 209	 210	 211	 212	 213	 214	 215	 216	
6o41_H	seq	Q	 V	 Q	 L	 V	 Q	 S	 G	 A	 E	 V	 K	 K	 P	 G	 S	 S	 V	 K	 V	 S	 C	 K	 A	 S	 G	 G	 T	 F	 S	 S	 Y	 A	 I	 S	 W	 V	 R	 Q	 A	 P	 G	 Q	 G	 L	 E	 W	 M	 G	 G	 I	 I	 I	 F	 G	 T	 A	 N	 Y	 A	 Q	 K	 F	 Q	 G	 R	 V	 T	 I	 T	 A	 D	 K	 S	 T	 S	 T	 A	 Y	 M	 E	 L	 R	 S	 E	 D	 T	 A	 V	 Y	 Y	 C	 A	 R	 E	 G	 E	 G	 W	 -	 A	 -	 -	 E	 F	 W	 G	 Q	 G	 T	 V	 I	 T	 V	 S	 S	 A	 S	 T	 K	 G	 P	 S	 V	 F	 P	 L	 A	 P	 S	 S	 -	 -	 -	 S	 G	 G	 T	 A	 A	 L	 G	 C	 L	 V	 K	 D	 Y	 F	 P	 E	 P	 V	 T	 V	 S	 W	 N	 S	 G	 A	 L	 T	 S	 G	 V	 H	 T	 F	 P	 A	 V	 L	 Q	 S	 S	 G	 L	 Y	 S	 L	 S	 S	 V	 V	 T	 V	 P	 S	 S	 S	 L	 G	 T	 Q	 T	 Y	 I	 C	 N	 V	 N	 H	 K	 P	 S	 N	 T	 K	 V	 D	 K	 K	 V	 E	 P	 K	 S	 -	
	num	      1	 2	 3	 4	 5	 6	 7	 8	 9	 10	 11	 12	 13	 14	 15	 16	 17	 18	 19	 20	 21	 22	 23	 24	 25	 26	 27	 28	 29	 30	 31	 32	 33	 34	 35	 36	 37	 38	 39	 40	 41	 42	 43	 44	 45	 46	 47	 48	 49	 50	 51	 52	 53	 54	 55	 56	 57	 58	 59	 60	 61	 62	 63	 64	 65	 66	 67	 68	 69	 70	 71	 72	 73	 74	 75	 76	 77	 78	 79	 80	 81	 82	 83	 84	 85	 86	 87	 88	 89	 90	 91	 92	 93	 94	 95	 96	 97	 98	 99	 -	 100	 -	 -	 101	 102	 103	 104	 105	 106	 107	 108	 109	 110	 111	 112	 113	 114	 115	 116	 117	 118	 119	 120	 121	 122	 123	 124	 125	 126	 127	 128	 -	 -	 -	 134	 135	 136	 137	 138	 139	 140	 141	 142	 143	 144	 145	 146	 147	 148	 149	 150	 151	 152	 153	 154	 156	 157	 162	 163	 164	 165	 166	 167	 168	 169	 171	 172	 173	 174	 175	 176	 177	 178	 179	 180	 182	 183	 184	 185	 186	 187	 188	 189	 190	 191	 192	 193	 194	 195	 196	 197	 198	 199	 200	 203	 205	 206	 207	 208	 209	 210	 211	 212	 213	 214	 215	 216	 217	 218	 219	 220	 221	 222	 225	 226	 227	 228	 229	 -	
4xak_H	seq	Q	 V	 Q	 L	 V	 Q	 S	 G	 A	 E	 V	 K	 K	 P	 G	 S	 S	 V	 K	 V	 S	 C	 K	 A	 S	 G	 G	 T	 F	 S	 S	 Y	 A	 I	 S	 W	 V	 R	 Q	 A	 P	 G	 Q	 G	 L	 E	 W	 M	 G	 G	 I	 I	 I	 F	 G	 T	 A	 S	 Y	 A	 Q	 K	 F	 Q	 G	 R	 V	 T	 I	 T	 A	 D	 K	 S	 T	 S	 T	 A	 Y	 M	 E	 L	 R	 S	 E	 D	 T	 A	 V	 Y	 Y	 C	 A	 R	 V	 G	 Y	 C	 S	 -	 A	 -	 D	 I	 W	 G	 Q	 G	 T	 M	 V	 T	 V	 S	 S	 A	 S	 T	 K	 G	 P	 S	 V	 F	 P	 L	 A	 P	 S	 S	 K	 S	 T	 S	 G	 G	 T	 A	 A	 L	 G	 C	 L	 V	 K	 D	 Y	 F	 P	 E	 P	 V	 T	 V	 S	 W	 N	 S	 G	 A	 L	 T	 S	 G	 V	 H	 T	 F	 P	 A	 V	 L	 Q	 S	 S	 G	 L	 Y	 S	 L	 S	 S	 V	 V	 T	 V	 P	 S	 S	 S	 L	 G	 T	 Q	 T	 Y	 I	 C	 N	 V	 N	 H	 K	 P	 S	 N	 T	 K	 V	 D	 K	 K	 V	 E	 P	 K	 S	 -	
	num	      1	 2	 3	 4	 5	 6	 7	 8	 9	 10	 11	 12	 13	 14	 15	 16	 17	 18	 19	 20	 21	 22	 23	 24	 25	 26	 27	 28	 29	 30	 31	 32	 33	 34	 35	 36	 37	 38	 39	 40	 41	 42	 43	 44	 45	 46	 47	 48	 49	 50	 51	 52	 53	 54	 55	 56	 57	 58	 59	 60	 61	 62	 63	 64	 65	 66	 67	 68	 69	 70	 71	 72	 73	 74	 75	 76	 77	 78	 79	 80	 81	 82	 83	 84	 85	 86	 87	 88	 89	 90	 91	 92	 93	 94	 95	 96	 97	 98	 99	 -	 100	 -	 101	 102	 103	 104	 105	 106	 107	 108	 109	 110	 111	 112	 113	 114	 115	 116	 117	 118	 119	 120	 121	 122	 123	 124	 125	 126	 127	 128	 129	 130	 131	 132	 133	 134	 135	 136	 137	 138	 139	 140	 141	 142	 143	 144	 145	 146	 147	 148	 149	 150	 151	 152	 153	 154	 155	 156	 157	 158	 159	 160	 161	 162	 163	 164	 165	 166	 167	 168	 169	 170	 171	 172	 173	 174	 175	 176	 177	 178	 179	 180	 181	 182	 183	 184	 185	 186	 187	 188	 189	 190	 191	 192	 193	 194	 195	 196	 197	 198	 199	 200	 201	 202	 203	 204	 205	 206	 207	 208	 209	 210	 211	 212	 213	 214	 215	 -	
2dd8_H	seq	-	 V	 Q	 L	 Q	 Q	 S	 G	 A	 E	 V	 K	 K	 P	 G	 S	 S	 V	 K	 V	 S	 C	 K	 A	 S	 G	 G	 T	 F	 S	 S	 Y	 T	 I	 S	 W	 V	 R	 Q	 A	 P	 G	 Q	 G	 L	 E	 W	 M	 G	 G	 I	 P	 I	 L	 G	 I	 A	 N	 Y	 A	 Q	 K	 F	 Q	 G	 R	 V	 T	 I	 T	 T	 D	 E	 S	 T	 S	 T	 A	 Y	 M	 E	 L	 R	 S	 E	 D	 T	 A	 V	 Y	 Y	 C	 A	 R	 D	 T	 V	 M	 -	 -	 -	 -	 -	 -	 -	 -	 -	 G	 G	 D	 V	 W	 G	 Q	 G	 T	 T	 V	 T	 V	 S	 S	 A	 S	 T	 K	 G	 P	 S	 V	 F	 P	 L	 A	 P	 S	 S	 K	 S	 T	 S	 G	 G	 T	 S	 A	 L	 G	 C	 L	 V	 K	 D	 Y	 F	 P	 E	 P	 V	 T	 V	 S	 W	 N	 S	 G	 A	 L	 T	 S	 G	 V	 H	 T	 F	 P	 A	 V	 L	 Q	 S	 S	 G	 L	 Y	 S	 L	 S	 S	 V	 V	 T	 V	 P	 S	 S	 S	 L	 G	 T	 Q	 T	 Y	 I	 C	 N	 V	 N	 H	 K	 P	 S	 N	 T	 K	 V	 D	 K	 K	 V	 E	 P	 K	 S	 C	
	num	      -	 2	 3	 4	 5	 6	 7	 8	 9	 10	 11	 12	 13	 14	 15	 16	 17	 18	 19	 20	 21	 22	 23	 24	 25	 26	 27	 28	 29	 30	 31	 32	 33	 34	 35	 36	 37	 38	 39	 40	 41	 42	 43	 44	 45	 46	 47	 48	 49	 50	 51	 52	 53	 54	 55	 56	 57	 58	 59	 60	 61	 62	 63	 64	 65	 66	 67	 68	 69	 70	 71	 72	 73	 74	 75	 76	 77	 78	 79	 80	 81	 82	 83	 84	 85	 86	 87	 88	 89	 90	 91	 92	 93	 94	 95	 96	 97	 98	 -	 -	 -	 -	 -	 -	 -	 -	 -	 99	 100	 101	 102	 103	 104	 105	 106	 107	 108	 109	 110	 111	 112	 113	 114	 115	 116	 117	 118	 119	 120	 121	 122	 123	 124	 125	 126	 127	 128	 129	 130	 131	 132	 133	 134	 135	 136	 137	 138	 139	 140	 141	 142	 143	 144	 145	 146	 147	 148	 149	 150	 151	 152	 153	 154	 155	 156	 157	 158	 159	 160	 161	 162	 163	 164	 165	 166	 167	 168	 169	 170	 171	 172	 173	 174	 175	 176	 177	 178	 179	 180	 181	 182	 183	 184	 185	 186	 187	 188	 189	 190	 191	 192	 193	 194	 195	 196	 197	 198	 199	 200	 201	 202	 203	 204	 205	 206	 207	 208	 209	 210	 211	 212	 213	 214	 215	 216	
6c6z_C	seq	Q	 V	 Q	 L	 V	 Q	 S	 G	 A	 E	 V	 K	 K	 P	 G	 S	 S	 V	 K	 V	 S	 C	 K	 A	 S	 G	 G	 T	 F	 S	 I	 Y	 A	 I	 S	 W	 V	 R	 Q	 A	 P	 G	 Q	 G	 L	 E	 W	 M	 G	 G	 I	 I	 I	 F	 G	 T	 A	 N	 Y	 A	 Q	 K	 F	 Q	 G	 R	 V	 T	 I	 T	 A	 D	 K	 S	 T	 S	 T	 A	 Y	 M	 E	 L	 R	 S	 E	 D	 T	 A	 V	 Y	 Y	 C	 A	 R	 E	 G	 G	 H	 Q	 D	 D	 Y	 W	 G	 Q	 G	 T	 L	 V	 T	 V	 S	 S	 A	 S	 T	 K	 G	 P	 S	 V	 F	 P	 L	 A	 P	 S	 -	 -	 -	 -	 -	 -	 G	 T	 A	 A	 L	 G	 C	 L	 V	 K	 D	 Y	 F	 P	 E	 P	 V	 T	 V	 S	 W	 N	 S	 G	 A	 L	 T	 S	 G	 V	 H	 T	 F	 P	 A	 V	 L	 Q	 S	 S	 G	 L	 Y	 S	 L	 S	 S	 V	 V	 T	 V	 P	 S	 S	 S	 L	 G	 T	 Q	 T	 Y	 I	 C	 N	 V	 N	 H	 K	 P	 S	 N	 T	 K	 V	 D	 K	 K	 V	 E	 P	 K	 -	 -	
	num	      1	 2	 3	 4	 5	 6	 7	 8	 9	 10	 11	 12	 13	 14	 15	 16	 17	 18	 19	 20	 21	 22	 23	 24	 25	 26	 27	 28	 29	 30	 31	 32	 33	 34	 35	 36	 37	 38	 39	 40	 41	 42	 43	 44	 45	 46	 47	 48	 49	 50	 51	 52	 53	 54	 55	 56	 57	 58	 59	 60	 61	 62	 63	 64	 65	 66	 67	 68	 69	 70	 71	 72	 73	 74	 75	 76	 77	 78	 79	 80	 81	 82	 83	 84	 85	 86	 87	 88	 89	 90	 91	 92	 93	 94	 95	 96	 97	 98	 99	 100	 101	 102	 103	 104	 105	 106	 107	 108	 109	 110	 111	 112	 113	 114	 115	 116	 117	 118	 119	 120	 121	 122	 123	 124	 125	 126	 127	 -	 -	 -	 -	 -	 -	 134	 135	 136	 137	 138	 139	 140	 141	 142	 143	 144	 145	 146	 147	 148	 149	 150	 151	 152	 153	 154	 155	 156	 157	 158	 159	 160	 161	 162	 163	 164	 165	 166	 167	 168	 169	 170	 171	 172	 173	 174	 175	 176	 177	 178	 179	 180	 181	 182	 183	 184	 185	 186	 187	 188	 189	 190	 191	 192	 193	 194	 195	 196	 197	 198	 199	 200	 201	 202	 203	 204	 205	 206	 207	 208	 209	 210	 211	 212	 213	 214	 -	 -	
2g75_A	seq	-	 V	 Q	 L	 Q	 Q	 S	 G	 A	 E	 V	 K	 K	 P	 G	 S	 S	 V	 K	 V	 S	 C	 K	 A	 S	 G	 G	 T	 F	 S	 S	 Y	 T	 I	 S	 W	 V	 R	 Q	 A	 P	 G	 Q	 G	 L	 E	 W	 M	 G	 G	 I	 P	 I	 L	 G	 I	 A	 N	 Y	 A	 Q	 K	 F	 Q	 G	 R	 V	 T	 I	 T	 T	 D	 E	 S	 T	 S	 T	 A	 Y	 M	 E	 L	 R	 S	 E	 D	 T	 A	 V	 Y	 Y	 C	 A	 R	 D	 T	 V	 M	 -	 -	 -	 -	 -	 -	 -	 -	 -	 G	 G	 D	 V	 W	 G	 Q	 G	 T	 T	 V	 T	 V	 S	 S	 A	 S	 T	 K	 G	 P	 S	 V	 F	 P	 L	 A	 P	 S	 S	 K	 S	 T	 S	 G	 G	 T	 S	 A	 L	 G	 C	 L	 V	 K	 D	 Y	 F	 P	 E	 P	 V	 T	 V	 S	 W	 N	 S	 G	 A	 L	 T	 S	 G	 V	 H	 T	 F	 P	 A	 V	 L	 Q	 S	 S	 G	 L	 Y	 S	 L	 S	 S	 V	 V	 T	 V	 P	 S	 S	 S	 L	 G	 T	 Q	 T	 Y	 I	 C	 N	 V	 N	 H	 K	 P	 S	 N	 T	 K	 V	 D	 K	 K	 V	 E	 P	 K	 -	 -	
	num	      -	 2	 3	 4	 5	 6	 7	 8	 9	 10	 11	 12	 13	 14	 15	 16	 17	 18	 19	 20	 21	 22	 23	 24	 25	 26	 27	 28	 29	 30	 31	 32	 33	 34	 35	 36	 37	 38	 39	 40	 41	 42	 43	 44	 45	 46	 47	 48	 49	 50	 51	 52	 53	 54	 55	 56	 57	 58	 59	 60	 61	 62	 63	 64	 65	 66	 67	 68	 69	 70	 71	 72	 73	 74	 75	 76	 77	 78	 79	 80	 81	 82	 83	 84	 85	 86	 87	 88	 89	 90	 91	 92	 93	 94	 95	 96	 97	 98	 -	 -	 -	 -	 -	 -	 -	 -	 -	 99	 100	 101	 102	 103	 104	 105	 106	 107	 108	 109	 110	 111	 112	 113	 114	 115	 116	 117	 118	 119	 120	 121	 122	 123	 124	 125	 126	 127	 128	 129	 130	 131	 132	 133	 134	 135	 136	 137	 138	 139	 140	 141	 142	 143	 144	 145	 146	 147	 148	 149	 150	 151	 152	 153	 154	 155	 156	 157	 158	 159	 160	 161	 162	 163	 164	 165	 166	 167	 168	 169	 170	 171	 172	 173	 174	 175	 176	 177	 178	 179	 180	 181	 182	 183	 184	 185	 186	 187	 188	 189	 190	 191	 192	 193	 194	 195	 196	 197	 198	 199	 200	 201	 202	 203	 204	 205	 206	 207	 208	 209	 210	 211	 212	 213	 214	 -	 -	
