###Seq info	
4xzu_B	 seq	-	Q	I	V	L	T	Q	S	P	A	I	M	S	A	S	P	G	E	K	V	T	M	T	C	S	A	S	S	T	V	S	Y	M	Y	W	Y	Q	Q	K	P	G	S	S	P	R	F	L	I	S	D	T	S	N	L	A	S	G	V	P	V	R	F	S	G	S	G	S	G	T	S	Y	S	L	T	I	S	R	I	E	A	E	D	A	A	T	Y	Y	C	Q	H	W	S	S	Y	P	L	T	F	G	G	G	T	K	L	E	L	K	R	A	D	A	A	P	T	V	S	I	F	P	P	S	S	E	Q	L	T	S	G	G	A	S	V	V	C	F	L	N	N	F	Y	P	K	D	I	N	V	K	W	K	I	D	G	S	E	R	Q	N	G	V	L	N	S	W	T	D	Q	D	S	K	D	S	T	Y	S	M	S	S	T	L	T	L	T	K	D	E	Y	E	R	H	N	S	Y	T	C	E	A	T	H	S	T	S	T	S	P	I	V	K	S	F	N	R	N	E	C	
	num	      -	1	2	3	4	5	6	7	8	9	10	11	12	13	14	15	16	17	18	19	20	21	22	23	24	25	26	27	28	29	30	31	32	33	34	35	36	37	38	39	40	41	42	43	44	45	46	47	48	49	50	51	52	53	54	55	56	57	58	59	60	61	62	63	64	65	66	67	68	69	70	71	72	73	74	75	76	77	78	79	80	81	82	83	84	85	86	87	88	89	90	91	92	93	94	95	96	97	98	99	100	101	102	103	104	105	106	107	108	109	110	111	112	113	114	115	116	117	118	119	120	121	122	123	124	125	126	127	128	129	130	131	132	133	134	135	136	137	138	139	140	141	142	143	144	145	146	147	148	149	150	151	152	153	154	155	156	157	158	159	160	161	162	163	164	165	166	167	168	169	170	171	172	173	174	175	176	177	178	179	180	181	182	183	184	185	186	187	188	189	190	191	192	193	194	195	196	197	198	199	200	201	202	203	204	205	206	207	208	209	210	211	212	213	

1v7m_L	 seq	-	Q	V	V	L	T	Q	S	P	G	I	M	S	A	S	P	G	E	K	V	T	I	T	C	S	A	S	S	S	V	S	Y	M	Y	W	F	Q	Q	K	P	G	T	S	P	K	L	W	I	Y	S	T	S	N	L	A	S	G	V	P	A	R	F	R	G	S	G	S	G	T	S	Y	S	L	T	I	S	R	M	E	A	E	D	A	A	T	Y	Y	C	Q	Q	R	S	G	Y	P	R	T	F	G	G	G	T	K	L	E	I	K	R	A	D	A	A	P	T	V	S	I	F	P	P	S	S	E	Q	L	T	S	G	G	A	S	V	V	C	F	L	N	N	F	Y	P	K	D	I	N	V	K	W	K	I	D	G	S	E	R	Q	N	G	V	L	N	S	W	T	D	Q	D	S	K	D	S	T	Y	S	M	S	S	T	L	T	L	T	K	D	E	Y	E	R	H	N	S	Y	T	C	E	A	T	H	K	T	S	T	S	P	I	V	K	S	F	N	R	N	E	-	
	num	      -	1	2	3	4	5	6	7	8	9	10	11	12	13	14	15	16	17	18	19	20	21	22	23	24	25	26	27	28	29	30	31	32	33	34	35	36	37	38	39	40	41	42	43	44	45	46	47	48	49	50	51	52	53	54	55	56	57	58	59	60	61	62	63	64	65	66	67	68	69	70	71	72	73	74	75	76	77	78	79	80	81	82	83	84	85	86	87	88	89	90	91	92	93	94	95	96	97	98	99	100	101	102	103	104	105	106	107	108	109	110	111	112	113	114	115	116	117	118	119	120	121	122	123	124	125	126	127	128	129	130	131	132	133	134	135	136	137	138	139	140	141	142	143	144	145	146	147	148	149	150	151	152	153	154	155	156	157	158	159	160	161	162	163	164	165	166	167	168	169	170	171	172	173	174	175	176	177	178	179	180	181	182	183	184	185	186	187	188	189	190	191	192	193	194	195	196	197	198	199	200	201	202	203	204	205	206	207	208	209	210	211	212	-	

7tuf_L	 seq	-	Q	I	V	L	S	Q	S	P	A	I	L	S	A	S	P	G	E	K	V	T	M	T	C	R	A	T	S	S	V	S	Y	I	H	W	Y	Q	Q	K	P	G	S	S	P	K	P	W	I	Y	A	T	S	S	L	T	S	G	V	P	V	R	F	S	G	S	G	S	G	T	S	Y	S	L	T	I	S	R	V	E	A	E	D	A	A	T	Y	Y	C	Q	Q	W	S	S	N	P	P	T	F	G	G	G	T	K	L	E	I	K	R	A	D	A	A	P	T	V	S	I	F	P	P	S	S	E	Q	L	T	S	G	G	A	S	V	V	C	F	L	N	N	F	Y	P	K	D	I	N	V	K	W	K	I	D	G	S	E	R	Q	N	G	V	L	N	S	W	T	D	Q	D	S	K	D	S	T	Y	S	M	S	S	T	L	T	L	T	K	D	E	Y	E	R	H	N	S	Y	T	C	E	A	T	H	K	T	S	T	S	P	I	V	K	S	F	N	R	-	-	-	
	num	      -	1	2	3	4	5	6	7	8	9	10	11	12	13	14	15	16	17	18	19	20	21	22	23	24	25	26	27	28	29	30	31	32	33	34	35	36	37	38	39	40	41	42	43	44	45	46	47	48	49	50	51	52	53	54	55	56	57	58	59	60	61	62	63	64	65	66	67	68	69	70	71	72	73	74	75	76	77	78	79	80	81	82	83	84	85	86	87	88	89	90	91	92	93	94	95	96	97	98	99	100	101	102	103	104	105	106	107	108	109	110	111	112	113	114	115	116	117	118	119	120	121	122	123	124	125	126	127	128	129	130	131	132	133	134	135	136	137	138	139	140	141	142	143	144	145	146	147	148	149	150	151	152	153	154	155	156	157	158	159	160	161	162	163	164	165	166	167	168	169	170	171	172	173	174	175	176	177	178	179	180	181	182	183	184	185	186	187	188	189	190	191	192	193	194	195	196	197	198	199	200	201	202	203	204	205	206	207	208	209	210	-	-	-	

2zkh_L	 seq	-	Q	V	V	L	T	Q	S	P	G	I	M	S	A	S	P	G	E	K	V	T	I	T	C	S	A	S	S	S	V	S	Y	M	Y	W	F	Q	Q	K	P	G	T	S	P	K	L	W	I	Y	S	T	S	N	L	A	S	G	V	P	A	R	F	R	G	S	G	S	G	T	S	Y	S	L	T	I	S	R	M	E	A	E	D	A	A	T	Y	Y	C	Q	Q	R	S	G	Y	P	R	T	F	G	G	G	T	K	L	E	I	K	R	A	D	A	A	P	T	V	S	I	F	P	P	S	S	E	Q	L	T	S	G	G	A	S	V	V	C	F	L	N	N	F	Y	P	K	D	I	N	V	K	W	K	I	D	G	S	E	R	Q	N	G	V	L	N	S	W	T	D	Q	D	S	K	D	S	T	Y	S	M	S	S	T	L	T	L	T	K	D	E	Y	E	R	H	N	S	Y	T	C	E	A	T	H	K	T	S	T	S	P	I	V	K	S	F	N	R	-	-	-	
	num	      -	1	2	3	4	5	6	7	8	9	10	11	12	13	14	15	16	17	18	19	20	21	22	23	24	25	26	27	28	29	30	31	32	33	34	35	36	37	38	39	40	41	42	43	44	45	46	47	48	49	50	51	52	53	54	55	56	57	58	59	60	61	62	63	64	65	66	67	68	69	70	71	72	73	74	75	76	77	78	79	80	81	82	83	84	85	86	87	88	89	90	91	92	93	94	95	96	97	98	99	100	101	102	103	104	105	106	107	108	109	110	111	112	113	114	115	116	117	118	119	120	121	122	123	124	125	126	127	128	129	130	131	132	133	134	135	136	137	138	139	140	141	142	143	144	145	146	147	148	149	150	151	152	153	154	155	156	157	158	159	160	161	162	163	164	165	166	167	168	169	170	171	172	173	174	175	176	177	178	179	180	181	182	183	184	185	186	187	188	189	190	191	192	193	194	195	196	197	198	199	200	201	202	203	204	205	206	207	208	209	210	-	-	-	

4zso_A	 seq	M	Q	I	V	L	T	Q	S	P	A	L	M	S	A	S	P	G	E	K	V	T	M	T	C	S	A	S	S	S	V	S	Y	M	Y	W	Y	Q	Q	K	P	R	S	S	P	K	P	W	I	Y	L	T	S	N	L	A	S	G	V	P	A	R	F	C	G	S	G	S	G	T	S	Y	S	L	T	I	S	S	M	E	A	E	D	A	A	T	Y	Y	C	Q	Q	W	S	S	N	P	L	T	F	G	A	G	T	K	L	E	L	K	R	A	D	A	A	P	T	V	S	I	F	P	P	S	S	E	Q	L	T	S	G	G	A	S	V	V	C	F	L	N	N	F	Y	P	K	D	I	N	V	K	W	K	I	D	G	S	E	R	Q	N	G	V	L	N	S	W	T	D	Q	D	S	K	D	S	T	Y	S	M	S	S	T	L	T	L	T	K	D	E	Y	E	R	H	N	S	Y	T	C	E	A	T	H	K	T	S	T	S	P	I	V	K	S	F	N	R	N	E	C	
	num	      0	1	2	3	4	5	6	7	8	9	10	11	12	13	14	15	16	17	18	19	20	21	22	23	24	25	26	27	28	29	30	31	32	33	34	35	36	37	38	39	40	41	42	43	44	45	46	47	48	49	50	51	52	53	54	55	56	57	58	59	60	61	62	63	64	65	66	67	68	69	70	71	72	73	74	75	76	77	78	79	80	81	82	83	84	85	86	87	88	89	90	91	92	93	94	95	96	97	98	99	100	101	102	103	104	105	106	107	108	109	110	111	112	113	114	115	116	117	118	119	120	121	122	123	124	125	126	127	128	129	130	131	132	133	134	135	136	137	138	139	140	141	142	143	144	145	146	147	148	149	150	151	152	153	154	155	156	157	158	159	160	161	162	163	164	165	166	167	168	169	170	171	172	173	174	175	176	177	178	179	180	181	182	183	184	185	186	187	188	189	190	191	192	193	194	195	196	197	198	199	200	201	202	203	204	205	206	207	208	209	210	211	212	213	

1v7n_L	 seq	-	Q	V	V	L	T	Q	S	P	G	I	M	S	A	S	P	G	E	K	V	T	I	T	C	S	A	S	S	S	V	S	Y	M	Y	W	F	Q	Q	K	P	G	T	S	P	K	L	W	I	Y	S	T	S	N	L	A	S	G	V	P	A	R	F	R	G	S	G	S	G	T	S	Y	S	L	T	I	S	R	M	E	A	E	D	A	A	T	Y	Y	C	Q	Q	R	S	G	Y	P	R	T	F	G	G	G	T	K	L	E	I	K	R	A	D	A	A	P	T	V	S	I	F	P	P	S	S	E	Q	L	T	S	G	G	A	S	V	V	C	F	L	N	N	F	Y	P	K	D	I	N	V	K	W	K	I	D	G	S	E	R	Q	N	G	V	L	N	S	W	T	D	Q	D	S	K	D	S	T	Y	S	M	S	S	T	L	T	L	T	K	D	E	Y	E	R	H	N	S	Y	T	C	E	A	T	H	K	T	S	T	S	P	I	V	K	S	F	N	R	N	E	C	
	num	      -	1	2	3	4	5	6	7	8	9	10	11	12	13	14	15	16	17	18	19	20	21	22	23	24	25	26	27	28	29	30	31	32	33	34	35	36	37	38	39	40	41	42	43	44	45	46	47	48	49	50	51	52	53	54	55	56	57	58	59	60	61	62	63	64	65	66	67	68	69	70	71	72	73	74	75	76	77	78	79	80	81	82	83	84	85	86	87	88	89	90	91	92	93	94	95	96	97	98	99	100	101	102	103	104	105	106	107	108	109	110	111	112	113	114	115	116	117	118	119	120	121	122	123	124	125	126	127	128	129	130	131	132	133	134	135	136	137	138	139	140	141	142	143	144	145	146	147	148	149	150	151	152	153	154	155	156	157	158	159	160	161	162	163	164	165	166	167	168	169	170	171	172	173	174	175	176	177	178	179	180	181	182	183	184	185	186	187	188	189	190	191	192	193	194	195	196	197	198	199	200	201	202	203	204	205	206	207	208	209	210	211	212	213	

###Numbering info
1 pos	empty: 0.83	0: 0.17
2 pos	1: 1.00
3 pos	2: 1.00
4 pos	3: 1.00
5 pos	4: 1.00
6 pos	5: 1.00
7 pos	6: 1.00
8 pos	7: 1.00
9 pos	8: 1.00
10 pos	9: 1.00
11 pos	10: 1.00
12 pos	11: 1.00
13 pos	12: 1.00
14 pos	13: 1.00
15 pos	14: 1.00
16 pos	15: 1.00
17 pos	16: 1.00
18 pos	17: 1.00
19 pos	18: 1.00
20 pos	19: 1.00
21 pos	20: 1.00
22 pos	21: 1.00
23 pos	22: 1.00
24 pos	23: 1.00
25 pos	24: 1.00
26 pos	25: 1.00
27 pos	26: 1.00
28 pos	27: 1.00
29 pos	28: 1.00
30 pos	29: 1.00
31 pos	30: 1.00
32 pos	31: 1.00
33 pos	32: 1.00
34 pos	33: 1.00
35 pos	34: 1.00
36 pos	35: 1.00
37 pos	36: 1.00
38 pos	37: 1.00
39 pos	38: 1.00
40 pos	39: 1.00
41 pos	40: 1.00
42 pos	41: 1.00
43 pos	42: 1.00
44 pos	43: 1.00
45 pos	44: 1.00
46 pos	45: 1.00
47 pos	46: 1.00
48 pos	47: 1.00
49 pos	48: 1.00
50 pos	49: 1.00
51 pos	50: 1.00
52 pos	51: 1.00
53 pos	52: 1.00
54 pos	53: 1.00
55 pos	54: 1.00
56 pos	55: 1.00
57 pos	56: 1.00
58 pos	57: 1.00
59 pos	58: 1.00
60 pos	59: 1.00
61 pos	60: 1.00
62 pos	61: 1.00
63 pos	62: 1.00
64 pos	63: 1.00
65 pos	64: 1.00
66 pos	65: 1.00
67 pos	66: 1.00
68 pos	67: 1.00
69 pos	68: 1.00
70 pos	69: 1.00
71 pos	70: 1.00
72 pos	71: 1.00
73 pos	72: 1.00
74 pos	73: 1.00
75 pos	74: 1.00
76 pos	75: 1.00
77 pos	76: 1.00
78 pos	77: 1.00
79 pos	78: 1.00
80 pos	79: 1.00
81 pos	80: 1.00
82 pos	81: 1.00
83 pos	82: 1.00
84 pos	83: 1.00
85 pos	84: 1.00
86 pos	85: 1.00
87 pos	86: 1.00
88 pos	87: 1.00
89 pos	88: 1.00
90 pos	89: 1.00
91 pos	90: 1.00
92 pos	91: 1.00
93 pos	92: 1.00
94 pos	93: 1.00
95 pos	94: 1.00
96 pos	95: 1.00
97 pos	96: 1.00
98 pos	97: 1.00
99 pos	98: 1.00
100 pos	99: 1.00
101 pos	100: 1.00
102 pos	101: 1.00
103 pos	102: 1.00
104 pos	103: 1.00
105 pos	104: 1.00
106 pos	105: 1.00
107 pos	106: 1.00
108 pos	107: 1.00
109 pos	108: 1.00
110 pos	109: 1.00
111 pos	110: 1.00
112 pos	111: 1.00
113 pos	112: 1.00
114 pos	113: 1.00
115 pos	114: 1.00
116 pos	115: 1.00
117 pos	116: 1.00
118 pos	117: 1.00
119 pos	118: 1.00
120 pos	119: 1.00
121 pos	120: 1.00
122 pos	121: 1.00
123 pos	122: 1.00
124 pos	123: 1.00
125 pos	124: 1.00
126 pos	125: 1.00
127 pos	126: 1.00
128 pos	127: 1.00
129 pos	128: 1.00
130 pos	129: 1.00
131 pos	130: 1.00
132 pos	131: 1.00
133 pos	132: 1.00
134 pos	133: 1.00
135 pos	134: 1.00
136 pos	135: 1.00
137 pos	136: 1.00
138 pos	137: 1.00
139 pos	138: 1.00
140 pos	139: 1.00
141 pos	140: 1.00
142 pos	141: 1.00
143 pos	142: 1.00
144 pos	143: 1.00
145 pos	144: 1.00
146 pos	145: 1.00
147 pos	146: 1.00
148 pos	147: 1.00
149 pos	148: 1.00
150 pos	149: 1.00
151 pos	150: 1.00
152 pos	151: 1.00
153 pos	152: 1.00
154 pos	153: 1.00
155 pos	154: 1.00
156 pos	155: 1.00
157 pos	156: 1.00
158 pos	157: 1.00
159 pos	158: 1.00
160 pos	159: 1.00
161 pos	160: 1.00
162 pos	161: 1.00
163 pos	162: 1.00
164 pos	163: 1.00
165 pos	164: 1.00
166 pos	165: 1.00
167 pos	166: 1.00
168 pos	167: 1.00
169 pos	168: 1.00
170 pos	169: 1.00
171 pos	170: 1.00
172 pos	171: 1.00
173 pos	172: 1.00
174 pos	173: 1.00
175 pos	174: 1.00
176 pos	175: 1.00
177 pos	176: 1.00
178 pos	177: 1.00
179 pos	178: 1.00
180 pos	179: 1.00
181 pos	180: 1.00
182 pos	181: 1.00
183 pos	182: 1.00
184 pos	183: 1.00
185 pos	184: 1.00
186 pos	185: 1.00
187 pos	186: 1.00
188 pos	187: 1.00
189 pos	188: 1.00
190 pos	189: 1.00
191 pos	190: 1.00
192 pos	191: 1.00
193 pos	192: 1.00
194 pos	193: 1.00
195 pos	194: 1.00
196 pos	195: 1.00
197 pos	196: 1.00
198 pos	197: 1.00
199 pos	198: 1.00
200 pos	199: 1.00
201 pos	200: 1.00
202 pos	201: 1.00
203 pos	202: 1.00
204 pos	203: 1.00
205 pos	204: 1.00
206 pos	205: 1.00
207 pos	206: 1.00
208 pos	207: 1.00
209 pos	208: 1.00
210 pos	209: 1.00
211 pos	210: 1.00
212 pos	211: 0.67	empty: 0.33
213 pos	212: 0.67	empty: 0.33
214 pos	empty: 0.50	213: 0.50
###Seq coverege
Seq	Coverege	
4xzu	0.99%	
1v7m	0.99%	
4zso	0.99%	
1v7n	0.99%	
7tuf	0.98%	
2zkh	0.98%	
